name;episode;addedDate;xdcc;downloaded
Shiroi Suna no Aquatope;18;26-11-2021 20:52:58;/msg Ginpachi-Sensei xdcc send #2844;1
Shiroi Suna no Aquatope;19;26-11-2021 20:52:58;/msg Ginpachi-Sensei xdcc send #3033;1
Shiroi Suna no Aquatope;20;26-11-2021 20:52:58;/msg Ginpachi-Sensei xdcc send #3235;1
Shiroi Suna no Aquatope;21;26-11-2021 20:52:58;/msg Ginpachi-Sensei xdcc send #3422;1
One Piece;1000;26-11-2021 20:52:58;/msg Ginpachi-Sensei xdcc send #3316;1
Mushoku Tensei;17;26-11-2021 20:52:58;/msg Ginpachi-Sensei xdcc send #2953;1
Mushoku Tensei;18;26-11-2021 20:52:58;/msg Ginpachi-Sensei xdcc send #3151;1
Mushoku Tensei;19;26-11-2021 20:52:58;/msg Ginpachi-Sensei xdcc send #3348;1
Kimetsu no Yaiba Mugen Ressha hen;1;26-11-2021 20:52:58;/msg Ginpachi-Sensei xdcc send #2044;1
Kimetsu no Yaiba Mugen Ressha hen;2;26-11-2021 20:52:58;/msg Ginpachi-Sensei xdcc send #2366;1
Kimetsu no Yaiba Mugen Ressha hen;3;26-11-2021 20:52:58;/msg Ginpachi-Sensei xdcc send #2563;1
Kimetsu no Yaiba Mugen Ressha hen;4;26-11-2021 20:52:58;/msg Ginpachi-Sensei xdcc send #2950;1
Kimetsu no Yaiba Mugen Ressha hen;5;26-11-2021 20:52:58;/msg Ginpachi-Sensei xdcc send #3149;1
Kimetsu no Yaiba Mugen Ressha hen;6;26-11-2021 20:52:58;/msg Ginpachi-Sensei xdcc send #3346;1
Sekai Saikou no Ansatsusha Isekai Kizoku ni Tensei suru;1;26-11-2021 20:52:58;/msg Ginpachi-Sensei xdcc send #2094;1
Sekai Saikou no Ansatsusha Isekai Kizoku ni Tensei suru;2;26-11-2021 20:52:58;/msg Ginpachi-Sensei xdcc send #2090;1
Sekai Saikou no Ansatsusha Isekai Kizoku ni Tensei suru;3;26-11-2021 20:52:58;/msg Ginpachi-Sensei xdcc send #2427;1
Sekai Saikou no Ansatsusha Isekai Kizoku ni Tensei suru;4;26-11-2021 20:52:58;/msg Ginpachi-Sensei xdcc send #2616;1
Sekai Saikou no Ansatsusha Isekai Kizoku ni Tensei suru;5;26-11-2021 20:52:58;/msg Ginpachi-Sensei xdcc send #2804;1
Sekai Saikou no Ansatsusha Isekai Kizoku ni Tensei suru;6;26-11-2021 20:52:58;/msg Ginpachi-Sensei xdcc send #3012;1
Sekai Saikou no Ansatsusha Isekai Kizoku ni Tensei suru;7;26-11-2021 20:52:58;/msg Ginpachi-Sensei xdcc send #3210;1
Sekai Saikou no Ansatsusha Isekai Kizoku ni Tensei suru;8;26-11-2021 20:52:58;/msg Ginpachi-Sensei xdcc send #3398;1
Komi san wa Comyushou desu;1;26-11-2021 20:52:58;/msg Ginpachi-Sensei xdcc send #2459;1
Komi san wa Comyushou desu;2;26-11-2021 20:52:58;/msg Ginpachi-Sensei xdcc send #2657;1
Komi san wa Comyushou desu;3;26-11-2021 20:52:58;/msg Ginpachi-Sensei xdcc send #2837;1
Komi san wa Comyushou desu;4;26-11-2021 20:52:58;/msg Ginpachi-Sensei xdcc send #3030;1
Komi san wa Comyushou desu;5;26-11-2021 20:52:58;/msg Ginpachi-Sensei xdcc send #3239;1
Komi san wa Comyushou desu;6;26-11-2021 20:52:58;/msg Ginpachi-Sensei xdcc send #3411;1
Saihate no Paladin;1;26-11-2021 20:52:58;/msg Ginpachi-Sensei xdcc send #1988;1
Saihate no Paladin;2;26-11-2021 20:52:58;/msg Ginpachi-Sensei xdcc send #2312;1
Saihate no Paladin;3;26-11-2021 20:52:58;/msg Ginpachi-Sensei xdcc send #2505;1
Saihate no Paladin;4;26-11-2021 20:52:58;/msg Ginpachi-Sensei xdcc send #2700;1
Saihate no Paladin;5;26-11-2021 20:52:58;/msg Ginpachi-Sensei xdcc send #2896;1
Saihate no Paladin;6;26-11-2021 20:52:58;/msg Ginpachi-Sensei xdcc send #3082;1
Saihate no Paladin;7;26-11-2021 20:52:58;/msg Ginpachi-Sensei xdcc send #3288;1
Shin no Nakama;1;26-11-2021 20:52:58;/msg Ginpachi-Sensei xdcc send #2107;1
Shin no Nakama;2;26-11-2021 20:52:58;/msg Ginpachi-Sensei xdcc send #2110;1
Shin no Nakama;3;26-11-2021 20:52:58;/msg Ginpachi-Sensei xdcc send #2428;1
Shin no Nakama;4;26-11-2021 20:52:58;/msg Ginpachi-Sensei xdcc send #2614;1
Shin no Nakama;5;26-11-2021 20:52:58;/msg Ginpachi-Sensei xdcc send #2805;1
Shin no Nakama;6;26-11-2021 20:52:58;/msg Ginpachi-Sensei xdcc send #3003;1
Shin no Nakama;7;26-11-2021 20:52:58;/msg Ginpachi-Sensei xdcc send #3201;1
Shin no Nakama;8;26-11-2021 20:52:58;/msg Ginpachi-Sensei xdcc send #3388;1
Eighty Six;1;26-11-2021 20:52:58;/msg Ginpachi-Sensei xdcc send #1466;0
Eighty Six;2;26-11-2021 20:52:58;/msg Ginpachi-Sensei xdcc send #1467;0
Eighty Six;3;26-11-2021 20:52:58;/msg Ginpachi-Sensei xdcc send #1468;0
Eighty Six;4;26-11-2021 20:52:58;/msg Ginpachi-Sensei xdcc send #1469;0
Eighty Six;5;26-11-2021 20:52:58;/msg Ginpachi-Sensei xdcc send #1470;0
Eighty Six;6;26-11-2021 20:52:58;/msg Ginpachi-Sensei xdcc send #1976;0
Eighty Six;7;26-11-2021 20:52:58;/msg Ginpachi-Sensei xdcc send #1977;0
Eighty Six;8;26-11-2021 20:52:58;/msg Ginpachi-Sensei xdcc send #1978;0
Mieruko chan;1;26-11-2021 20:52:58;/msg Ginpachi-Sensei xdcc send #1886;1
Mieruko chan;2;26-11-2021 20:52:58;/msg Ginpachi-Sensei xdcc send #2036;1
Mieruko chan;3;26-11-2021 20:52:58;/msg Ginpachi-Sensei xdcc send #2356;1
Mieruko chan;4;26-11-2021 20:52:58;/msg Ginpachi-Sensei xdcc send #2556;1
Mieruko chan;5;26-11-2021 20:52:58;/msg Ginpachi-Sensei xdcc send #2757;1
Mieruko chan;6;26-11-2021 20:52:58;/msg Ginpachi-Sensei xdcc send #2940;1
Mieruko chan;7;26-11-2021 20:52:58;/msg Ginpachi-Sensei xdcc send #3143;1
Mieruko chan;8;26-11-2021 20:52:58;/msg Ginpachi-Sensei xdcc send #3336;1
Platinum End;1;26-11-2021 20:52:58;/msg Ginpachi-Sensei xdcc send #1938;1
Platinum End;2;26-11-2021 20:52:58;/msg Ginpachi-Sensei xdcc send #2174;1
Platinum End;3;26-11-2021 20:52:58;/msg Ginpachi-Sensei xdcc send #2457;1
Platinum End;4;26-11-2021 20:52:58;/msg Ginpachi-Sensei xdcc send #2656;1
Platinum End;5;26-11-2021 20:52:58;/msg Ginpachi-Sensei xdcc send #2848;1
Platinum End;6;26-11-2021 20:52:58;/msg Ginpachi-Sensei xdcc send #3040;1
Platinum End;7;26-11-2021 20:52:58;/msg Ginpachi-Sensei xdcc send #3238;1
Platinum End;8;26-11-2021 20:52:58;/msg Ginpachi-Sensei xdcc send #3429;1
Shinka no Mi Shiranai Uchi ni Kachigumi Jinsei;1;26-11-2021 20:52:58;/msg Ginpachi-Sensei xdcc send #1913;1
Shinka no Mi Shiranai Uchi ni Kachigumi Jinsei;2;26-11-2021 20:52:58;/msg Ginpachi-Sensei xdcc send #2068;1
Shinka no Mi Shiranai Uchi ni Kachigumi Jinsei;3;26-11-2021 20:52:58;/msg Ginpachi-Sensei xdcc send #2410;1
Shinka no Mi Shiranai Uchi ni Kachigumi Jinsei;4;26-11-2021 20:52:58;/msg Ginpachi-Sensei xdcc send #2600;1
Shinka no Mi Shiranai Uchi ni Kachigumi Jinsei;5;26-11-2021 20:52:58;/msg Ginpachi-Sensei xdcc send #2790;1
Shinka no Mi Shiranai Uchi ni Kachigumi Jinsei;6;26-11-2021 20:52:58;/msg Ginpachi-Sensei xdcc send #2978;1
Shinka no Mi Shiranai Uchi ni Kachigumi Jinsei;7;26-11-2021 20:52:58;/msg Ginpachi-Sensei xdcc send #3185;1
Shinka no Mi Shiranai Uchi ni Kachigumi Jinsei;8;26-11-2021 20:52:58;/msg Ginpachi-Sensei xdcc send #3373;1
Senpai ga Uzai Kouhai no Hanashi;1;26-11-2021 20:52:58;/msg Ginpachi-Sensei xdcc send #1995;1
Senpai ga Uzai Kouhai no Hanashi;2;26-11-2021 20:52:58;/msg Ginpachi-Sensei xdcc send #2322;1
Senpai ga Uzai Kouhai no Hanashi;3;26-11-2021 20:52:58;/msg Ginpachi-Sensei xdcc send #2514;1
Senpai ga Uzai Kouhai no Hanashi;4;26-11-2021 20:52:58;/msg Ginpachi-Sensei xdcc send #2707;1
Senpai ga Uzai Kouhai no Hanashi;5;26-11-2021 20:52:58;/msg Ginpachi-Sensei xdcc send #2905;1
Senpai ga Uzai Kouhai no Hanashi;6;26-11-2021 20:52:58;/msg Ginpachi-Sensei xdcc send #3088;1
Senpai ga Uzai Kouhai no Hanashi;7;26-11-2021 20:52:58;/msg Ginpachi-Sensei xdcc send #3294;1
Tsuki to Laika to Nosferatu;1;26-11-2021 20:52:58;/msg Ginpachi-Sensei xdcc send #1892;1
Tsuki to Laika to Nosferatu;2;26-11-2021 20:52:58;/msg Ginpachi-Sensei xdcc send #2047;1
Tsuki to Laika to Nosferatu;3;26-11-2021 20:52:58;/msg Ginpachi-Sensei xdcc send #2372;1
Tsuki to Laika to Nosferatu;4;26-11-2021 20:52:58;/msg Ginpachi-Sensei xdcc send #2569;1
Tsuki to Laika to Nosferatu;5;26-11-2021 20:52:58;/msg Ginpachi-Sensei xdcc send #2766;1
Tsuki to Laika to Nosferatu;6;26-11-2021 20:52:58;/msg Ginpachi-Sensei xdcc send #2955;1
Tsuki to Laika to Nosferatu;7;26-11-2021 20:52:58;/msg Ginpachi-Sensei xdcc send #3155;1
Tsuki to Laika to Nosferatu;8;26-11-2021 20:52:58;/msg Ginpachi-Sensei xdcc send #3352;1
Isekai Shokudou 2;1;26-11-2021 20:52:58;/msg Ginpachi-Sensei xdcc send #1777;1
Isekai Shokudou 2;2;26-11-2021 20:52:58;/msg Ginpachi-Sensei xdcc send #1953;1
Isekai Shokudou 2;3;26-11-2021 20:52:58;/msg Ginpachi-Sensei xdcc send #2186;1
Isekai Shokudou 2;4;26-11-2021 20:52:58;/msg Ginpachi-Sensei xdcc send #2479;1
Isekai Shokudou 2;5;26-11-2021 20:52:58;/msg Ginpachi-Sensei xdcc send #2672;1
Isekai Shokudou 2;6;26-11-2021 20:52:58;/msg Ginpachi-Sensei xdcc send #2862;1
Isekai Shokudou 2;7;26-11-2021 20:52:58;/msg Ginpachi-Sensei xdcc send #3059;1
Isekai Shokudou 2;8;26-11-2021 20:52:58;/msg Ginpachi-Sensei xdcc send #3258;1
Isekai Shokudou 2;9;26-11-2021 20:52:58;/msg Ginpachi-Sensei xdcc send #3441;1
Sakugan;1;26-11-2021 20:52:58;/msg Ginpachi-Sensei xdcc send #1932;1
Sakugan;2;26-11-2021 20:52:58;/msg Ginpachi-Sensei xdcc send #2165;1
Sakugan;3;26-11-2021 20:52:58;/msg Ginpachi-Sensei xdcc send #2449;1
Sakugan;4;26-11-2021 20:52:58;/msg Ginpachi-Sensei xdcc send #2640;1
Sakugan;5;26-11-2021 20:52:58;/msg Ginpachi-Sensei xdcc send #2834;1
Sakugan;6;26-11-2021 20:52:58;/msg Ginpachi-Sensei xdcc send #3024;1
Sakugan;7;26-11-2021 20:52:58;/msg Ginpachi-Sensei xdcc send #3229;1
Sakugan;8;26-11-2021 20:52:58;/msg Ginpachi-Sensei xdcc send #3419;1
World Trigger 3;1;26-11-2021 20:52:58;/msg Ginpachi-Sensei xdcc send #2000;1
World Trigger 3;2;26-11-2021 20:52:58;/msg Ginpachi-Sensei xdcc send #2328;1
World Trigger 3;3;26-11-2021 20:52:58;/msg Ginpachi-Sensei xdcc send #2520;1
World Trigger 3;4;26-11-2021 20:52:58;/msg Ginpachi-Sensei xdcc send #2718;1
World Trigger 3;5;26-11-2021 20:52:58;/msg Ginpachi-Sensei xdcc send #2967;1
World Trigger 3;6;26-11-2021 20:52:58;/msg Ginpachi-Sensei xdcc send #3114;1
World Trigger 3;7;26-11-2021 20:52:58;/msg Ginpachi-Sensei xdcc send #3306;1
Build Divide Code Black;1;26-11-2021 20:52:58;/msg Ginpachi-Sensei xdcc send #1997;1
Build Divide Code Black;2;26-11-2021 20:52:58;/msg Ginpachi-Sensei xdcc send #2320;1
Build Divide Code Black;3;26-11-2021 20:52:58;/msg Ginpachi-Sensei xdcc send #2511;1
Build Divide Code Black;4;26-11-2021 20:52:58;/msg Ginpachi-Sensei xdcc send #2704;1
Build Divide Code Black;5;26-11-2021 20:52:58;/msg Ginpachi-Sensei xdcc send #2903;1
Build Divide Code Black;6;26-11-2021 20:52:58;/msg Ginpachi-Sensei xdcc send #3085;1
Build Divide Code Black;7;26-11-2021 20:52:58;/msg Ginpachi-Sensei xdcc send #3293;1
Yuuki Yuuna wa Yuusha de Aru Dai Mankai no Shou;1;26-11-2021 20:52:58;/msg Ginpachi-Sensei xdcc send #1794;1
Yuuki Yuuna wa Yuusha de Aru Dai Mankai no Shou;2;26-11-2021 20:52:58;/msg Ginpachi-Sensei xdcc send #1958;1
Yuuki Yuuna wa Yuusha de Aru Dai Mankai no Shou;3;26-11-2021 20:52:58;/msg Ginpachi-Sensei xdcc send #2189;1
Yuuki Yuuna wa Yuusha de Aru Dai Mankai no Shou;4;26-11-2021 20:52:58;/msg Ginpachi-Sensei xdcc send #2485;1
Yuuki Yuuna wa Yuusha de Aru Dai Mankai no Shou;5;26-11-2021 20:52:58;/msg Ginpachi-Sensei xdcc send #2678;1
Yuuki Yuuna wa Yuusha de Aru Dai Mankai no Shou;6;26-11-2021 20:52:58;/msg Ginpachi-Sensei xdcc send #2872;1
Yuuki Yuuna wa Yuusha de Aru Dai Mankai no Shou;7;26-11-2021 20:52:58;/msg Ginpachi-Sensei xdcc send #3062;1
Yuuki Yuuna wa Yuusha de Aru Dai Mankai no Shou;8;26-11-2021 20:52:58;/msg Ginpachi-Sensei xdcc send #3261;1
Yuuki Yuuna wa Yuusha de Aru Dai Mankai no Shou;9;26-11-2021 20:52:58;/msg Ginpachi-Sensei xdcc send #3443;1
One Piece;1001;28-11-2021 11:50:36;/msg Ginpachi-Sensei xdcc send #3491;1
Senpai ga Uzai Kouhai no Hanashi;8;28-11-2021 11:50:36;/msg Ginpachi-Sensei xdcc send #3466;1
World Trigger 3;8;28-11-2021 11:50:36;/msg Ginpachi-Sensei xdcc send #3480;1
Build Divide Code Black;8;28-11-2021 11:50:36;/msg Ginpachi-Sensei xdcc send #3467;1
Shiroi Suna no Aquatope;22;03-12-2021 21:52:37;/msg Ginpachi-Sensei xdcc send #3593;1
Mushoku Tensei;20;03-12-2021 21:52:37;/msg Ginpachi-Sensei xdcc send #3526;1
Kimetsu no Yaiba Mugen Ressha hen;7;03-12-2021 21:52:37;/msg Ginpachi-Sensei xdcc send #3523;1
Sekai Saikou no Ansatsusha Isekai Kizoku ni Tensei suru;9;03-12-2021 21:52:37;/msg Ginpachi-Sensei xdcc send #3575;1
Komi san wa Comyushou desu;7;03-12-2021 21:52:37;/msg Ginpachi-Sensei xdcc send #3598;1
Mieruko chan;9;03-12-2021 21:52:37;/msg Ginpachi-Sensei xdcc send #3514;1
Platinum End;9;03-12-2021 21:52:37;/msg Ginpachi-Sensei xdcc send #3602;1
Tsuki to Laika to Nosferatu;9;03-12-2021 21:52:37;/msg Ginpachi-Sensei xdcc send #3528;1
Isekai Shokudou 2;10;03-12-2021 21:52:37;/msg Ginpachi-Sensei xdcc send #3618;1
Sakugan;9;03-12-2021 21:52:37;/msg Ginpachi-Sensei xdcc send #3587;1
Yuuki Yuuna wa Yuusha de Aru Dai Mankai no Shou;10;03-12-2021 21:52:37;/msg Ginpachi-Sensei xdcc send #3621;1
One Piece;1002;05-12-2021 11:33:45;/msg Ginpachi-Sensei xdcc send #3679;1
Saihate no Paladin;8;05-12-2021 11:33:45;/msg Ginpachi-Sensei xdcc send #3650;1
Senpai ga Uzai Kouhai no Hanashi;9;05-12-2021 11:33:45;/msg Ginpachi-Sensei xdcc send #3655;1
World Trigger 3;9;05-12-2021 11:33:45;/msg Ginpachi-Sensei xdcc send #3667;1
Build Divide Code Black;9;05-12-2021 11:33:45;/msg Ginpachi-Sensei xdcc send #3656;1
Shiroi Suna no Aquatope;23;10-12-2021 17:23:43;/msg Ginpachi-Sensei xdcc send #3787;1
Mushoku Tensei;21;10-12-2021 17:23:43;/msg Ginpachi-Sensei xdcc send #3715;1
Sekai Saikou no Ansatsusha Isekai Kizoku ni Tensei suru;10;10-12-2021 17:23:43;/msg Ginpachi-Sensei xdcc send #3766;1
Komi san wa Comyushou desu;8;10-12-2021 17:23:43;/msg Ginpachi-Sensei xdcc send #3773;1
Shin no Nakama;9;10-12-2021 17:23:43;/msg Ginpachi-Sensei xdcc send #3569;1
Shin no Nakama;10;10-12-2021 17:23:43;/msg Ginpachi-Sensei xdcc send #3760;1
Mieruko chan;10;10-12-2021 17:23:43;/msg Ginpachi-Sensei xdcc send #3702;1
Platinum End;10;10-12-2021 17:23:43;/msg Ginpachi-Sensei xdcc send #3790;1
Shinka no Mi Shiranai Uchi ni Kachigumi Jinsei;9;10-12-2021 17:23:43;/msg Ginpachi-Sensei xdcc send #3553;1
Shinka no Mi Shiranai Uchi ni Kachigumi Jinsei;10;10-12-2021 17:23:43;/msg Ginpachi-Sensei xdcc send #3741;1
Tsuki to Laika to Nosferatu;10;10-12-2021 17:23:43;/msg Ginpachi-Sensei xdcc send #3720;1
Sakugan;10;10-12-2021 17:23:43;/msg Ginpachi-Sensei xdcc send #3781;1
Saihate no Paladin;9;11-12-2021 22:44:34;/msg Ginpachi-Sensei xdcc send #3831;1
Senpai ga Uzai Kouhai no Hanashi;10;11-12-2021 22:44:34;/msg Ginpachi-Sensei xdcc send #3834;1
Isekai Shokudou 2;11;11-12-2021 22:44:34;/msg Ginpachi-Sensei xdcc send #3802;1
World Trigger 3;10;11-12-2021 22:44:34;/msg Ginpachi-Sensei xdcc send #3846;1
Build Divide Code Black;10;11-12-2021 22:44:34;/msg Ginpachi-Sensei xdcc send #3837;1
Yuuki Yuuna wa Yuusha de Aru Dai Mankai no Shou;11;11-12-2021 22:44:34;/msg Ginpachi-Sensei xdcc send #3805;1
One Piece;1003;12-12-2021 11:17:57;/msg Ginpachi-Sensei xdcc send #3868;1
Mushoku Tensei;22;12-12-2021 20:07:43;/msg Ginpachi-Sensei xdcc send #3898;1
Mieruko chan;11;12-12-2021 20:07:43;/msg Ginpachi-Sensei xdcc send #3886;1
Tsuki to Laika to Nosferatu;11;12-12-2021 20:07:43;/msg Ginpachi-Sensei xdcc send #3901;1
Kimetsu no Yaiba Yuukaku-hen;1;12-12-2021 20:07:43;/msg Ginpachi-Sensei xdcc send #3717;1
Kimetsu no Yaiba Yuukaku-hen;2;12-12-2021 20:07:43;/msg Ginpachi-Sensei xdcc send #3895;1
Shinka no Mi Shiranai Uchi ni Kachigumi Jinsei;11;14-12-2021 19:16:48;/msg Ginpachi-Sensei xdcc send #3916;1
Shiroi Suna no Aquatope;24;19-12-2021 19:29:55;/msg Ginpachi-Sensei xdcc send #3961;1
One Piece;1004;19-12-2021 19:29:55;/msg Ginpachi-Sensei xdcc send #4043;1
Mushoku Tensei;23;19-12-2021 19:29:55;/msg Ginpachi-Sensei xdcc send #4074;1
Sekai Saikou no Ansatsusha Isekai Kizoku ni Tensei suru;11;19-12-2021 19:29:55;/msg Ginpachi-Sensei xdcc send #3943;1
Komi san wa Comyushou desu;9;19-12-2021 19:29:55;/msg Ginpachi-Sensei xdcc send #3965;1
Saihate no Paladin;10;19-12-2021 19:29:55;/msg Ginpachi-Sensei xdcc send #4014;1
Shin no Nakama;11;19-12-2021 19:29:55;/msg Ginpachi-Sensei xdcc send #3934;1
Mieruko chan;12;19-12-2021 19:29:55;/msg Ginpachi-Sensei xdcc send #4062;1
Platinum End;11;19-12-2021 19:29:55;/msg Ginpachi-Sensei xdcc send #3964;1
Senpai ga Uzai Kouhai no Hanashi;11;19-12-2021 19:29:55;/msg Ginpachi-Sensei xdcc send #4020;1
Tsuki to Laika to Nosferatu;12;19-12-2021 19:29:55;/msg Ginpachi-Sensei xdcc send #4077;1
Isekai Shokudou 2;12;19-12-2021 19:29:55;/msg Ginpachi-Sensei xdcc send #3978;1
Sakugan;11;19-12-2021 19:29:55;/msg Ginpachi-Sensei xdcc send #3955;1
World Trigger 3;11;19-12-2021 19:29:55;/msg Ginpachi-Sensei xdcc send #4032;1
Build Divide Code Black;11;19-12-2021 19:29:55;/msg Ginpachi-Sensei xdcc send #4019;1
Yuuki Yuuna wa Yuusha de Aru Dai Mankai no Shou;12;19-12-2021 19:29:55;/msg Ginpachi-Sensei xdcc send #3983;1
Kimetsu no Yaiba Yuukaku hen;3;19-12-2021 19:33:47;/msg Ginpachi-Sensei xdcc send #4071;1
Sekai Saikou no Ansatsusha Isekai Kizoku ni Tensei suru;12;22-12-2021 18:54:09;/msg Ginpachi-Sensei xdcc send #4123;1
Shin no Nakama;12;22-12-2021 18:54:09;/msg Ginpachi-Sensei xdcc send #4117;1
Shinka no Mi Shiranai Uchi ni Kachigumi Jinsei;12;22-12-2021 18:54:09;/msg Ginpachi-Sensei xdcc send #4099;1
Komi san wa Comyushou desu;10;23-12-2021 22:36:36;/msg Ginpachi-Sensei xdcc send #4141;1
Platinum End;12;23-12-2021 22:36:36;/msg Ginpachi-Sensei xdcc send #4145;1
Sakugan;12;23-12-2021 22:36:36;/msg Ginpachi-Sensei xdcc send #4136;1
Saihate no Paladin;11;25-12-2021 20:30:49;/msg Ginpachi-Sensei xdcc send #4171;1
Senpai ga Uzai Kouhai no Hanashi;12;25-12-2021 20:30:49;/msg Ginpachi-Sensei xdcc send #4176;1
World Trigger 3;12;25-12-2021 20:30:49;/msg Ginpachi-Sensei xdcc send #4186;1
Build Divide Code Black;12;25-12-2021 20:30:49;/msg Ginpachi-Sensei xdcc send #4174;1
Kimetsu no Yaiba Yuukaku hen;4;26-12-2021 18:37:54;/msg Ginpachi-Sensei xdcc send #2209;1
Shin no Nakama;13;29-12-2021 17:10:50;/msg Ginpachi-Sensei xdcc send #2393;1
Komi san wa Comyushou desu;11;02-01-2022 18:44:46;/msg Ginpachi-Sensei xdcc send #2398;1
Kimetsu no Yaiba Yuukaku hen;5;02-01-2022 18:44:46;/msg Ginpachi-Sensei xdcc send #2466;1
Saihate no Paladin;12;03-01-2022 16:47:08;/msg Ginpachi-Sensei xdcc send #2476;1
Komi san wa Comyushou desu;12;07-01-2022 16:58:57;/msg Ginpachi-Sensei xdcc send #2407;0
Platinum End;13;07-01-2022 16:58:57;/msg Ginpachi-Sensei xdcc send #2406;0
Shuumatsu no Harem;1;08-01-2022 17:02:08;/msg Ginpachi-Sensei xdcc send #2424;0
Shikkakumon no Saikyou Kenja;1;08-01-2022 17:02:08;/msg Ginpachi-Sensei xdcc send #2442;0
Leadale no Daichi nite;1;08-01-2022 17:02:08;/msg Ginpachi-Sensei xdcc send #2381;0
Orient;1;08-01-2022 17:02:08;/msg Ginpachi-Sensei xdcc send #2387;0
Tokyo 24 ku;1;08-01-2022 17:02:08;/msg Ginpachi-Sensei xdcc send #2390;0
Saiyuuki Reload Zeroin;1;08-01-2022 17:02:08;/msg Ginpachi-Sensei xdcc send #2403;0
World Trigger 3;13;08-01-2022 22:15:23;/msg Ginpachi-Sensei xdcc send #2457;0
Kaijin Kaihatsu bu no Kuroitsu san;1;08-01-2022 22:15:23;/msg Ginpachi-Sensei xdcc send #2460;0
One Piece;1005;09-01-2022 10:24:36;/msg Ginpachi-Sensei xdcc send #2466;0
Jahy sama wa Kujikenai;1;09-01-2022 13:30:03;/msg CR-HOLLAND|NEW xdcc send #17286;0
Jahy sama wa Kujikenai;2;09-01-2022 13:30:03;/msg CR-HOLLAND|NEW xdcc send #17433;0
Jahy sama wa Kujikenai;3;09-01-2022 13:30:03;/msg CR-HOLLAND|NEW xdcc send #17579;0
Jahy sama wa Kujikenai;4;09-01-2022 13:30:03;/msg CR-HOLLAND|NEW xdcc send #17879;0
Jahy sama wa Kujikenai;5;09-01-2022 13:30:03;/msg CR-HOLLAND|NEW xdcc send #18026;0
Jahy sama wa Kujikenai;6;09-01-2022 13:30:03;/msg CR-HOLLAND|NEW xdcc send #18177;0
Jahy sama wa Kujikenai;7;09-01-2022 13:30:03;/msg CR-HOLLAND|NEW xdcc send #18320;0
Jahy sama wa Kujikenai;8;09-01-2022 13:30:03;/msg CR-HOLLAND|NEW xdcc send #18459;0
Jahy sama wa Kujikenai;9;09-01-2022 13:30:03;/msg CR-HOLLAND|NEW xdcc send #18567;0
Jahy sama wa Kujikenai;10;09-01-2022 13:30:03;/msg Ginpachi-Sensei xdcc send #129;0
Jahy sama wa Kujikenai;11;09-01-2022 13:30:03;/msg Ginpachi-Sensei xdcc send #352;0
Jahy sama wa Kujikenai;12;09-01-2022 13:30:03;/msg Ginpachi-Sensei xdcc send #526;0
Jahy sama wa Kujikenai;13;09-01-2022 13:30:03;/msg Ginpachi-Sensei xdcc send #710;0
Jahy sama wa Kujikenai;14;09-01-2022 13:30:03;/msg Ginpachi-Sensei xdcc send #887;0
Jahy sama wa Kujikenai;15;09-01-2022 13:30:03;/msg Ginpachi-Sensei xdcc send #1062;0
Jahy sama wa Kujikenai;16;09-01-2022 13:30:03;/msg Ginpachi-Sensei xdcc send #1251;0
Jahy sama wa Kujikenai;17;09-01-2022 13:30:03;/msg Ginpachi-Sensei xdcc send #1409;0
Jahy sama wa Kujikenai;18;09-01-2022 13:30:03;/msg Ginpachi-Sensei xdcc send #1574;0
Jahy sama wa Kujikenai;19;09-01-2022 13:30:03;/msg Ginpachi-Sensei xdcc send #1759;0
Jahy sama wa Kujikenai;20;09-01-2022 13:30:03;/msg Ginpachi-Sensei xdcc send #1919;0
100 man no Inochi no Ue ni Ore wa tatte iru;1;09-01-2022 13:58:56;/msg ARUTHA-BATCH|1080p xdcc send #18128;0
100 man no Inochi no Ue ni Ore wa tatte iru;1;09-01-2022 14:03:34;/msg ARUTHA-BATCH|1080p xdcc send #18128;0
100 man no Inochi no Ue ni Ore wa tatte iru;2;09-01-2022 14:03:34;/msg ARUTHA-BATCH|1080p xdcc send #18129;0
100 man no Inochi no Ue ni Ore wa tatte iru;3;09-01-2022 14:03:34;/msg ARUTHA-BATCH|1080p xdcc send #18130;0
100 man no Inochi no Ue ni Ore wa tatte iru;4;09-01-2022 14:03:34;/msg ARUTHA-BATCH|1080p xdcc send #18131;0
100 man no Inochi no Ue ni Ore wa tatte iru;5;09-01-2022 14:03:34;/msg ARUTHA-BATCH|1080p xdcc send #18132;0
100 man no Inochi no Ue ni Ore wa tatte iru;6;09-01-2022 14:03:34;/msg ARUTHA-BATCH|1080p xdcc send #18133;0
100 man no Inochi no Ue ni Ore wa tatte iru;7;09-01-2022 14:03:34;/msg ARUTHA-BATCH|1080p xdcc send #18134;0
100 man no Inochi no Ue ni Ore wa tatte iru;8;09-01-2022 14:03:34;/msg ARUTHA-BATCH|1080p xdcc send #18135;0
100 man no Inochi no Ue ni Ore wa tatte iru;9;09-01-2022 14:03:34;/msg ARUTHA-BATCH|1080p xdcc send #18136;0
100 man no Inochi no Ue ni Ore wa tatte iru;10;09-01-2022 14:03:34;/msg ARUTHA-BATCH|1080p xdcc send #18137;0
100 man no Inochi no Ue ni Ore wa tatte iru;11;09-01-2022 14:03:34;/msg ARUTHA-BATCH|1080p xdcc send #18138;0
100 man no Inochi no Ue ni Ore wa tatte iru;12;09-01-2022 14:03:34;/msg ARUTHA-BATCH|1080p xdcc send #18139;0
100 man no Inochi no Ue ni Ore wa tatte iru;13;09-01-2022 14:03:34;/msg CR-HOLLAND|NEW xdcc send #16820;0
100 man no Inochi no Ue ni Ore wa tatte iru;14;09-01-2022 14:03:34;/msg CR-HOLLAND|NEW xdcc send #16961;0
100 man no Inochi no Ue ni Ore wa tatte iru;15;09-01-2022 14:03:34;/msg CR-HOLLAND|NEW xdcc send #17106;0
100 man no Inochi no Ue ni Ore wa tatte iru;16;09-01-2022 14:03:34;/msg CR-HOLLAND|NEW xdcc send #17238;0
100 man no Inochi no Ue ni Ore wa tatte iru;17;09-01-2022 14:03:34;/msg CR-HOLLAND|NEW xdcc send #17390;0
100 man no Inochi no Ue ni Ore wa tatte iru;18;09-01-2022 14:03:34;/msg CR-HOLLAND|NEW xdcc send #17529;0
100 man no Inochi no Ue ni Ore wa tatte iru;19;09-01-2022 14:03:34;/msg CR-HOLLAND|NEW xdcc send #17693;0
100 man no Inochi no Ue ni Ore wa tatte iru;20;09-01-2022 14:03:34;/msg CR-HOLLAND|NEW xdcc send #17830;0
100 man no Inochi no Ue ni Ore wa tatte iru;21;09-01-2022 14:03:34;/msg CR-HOLLAND|NEW xdcc send #17978;0
100 man no Inochi no Ue ni Ore wa tatte iru;22;09-01-2022 14:03:34;/msg CR-HOLLAND|NEW xdcc send #18122;0
100 man no Inochi no Ue ni Ore wa tatte iru;23;09-01-2022 14:03:34;/msg CR-HOLLAND|NEW xdcc send #18279;0
100 man no Inochi no Ue ni Ore wa tatte iru;24;09-01-2022 14:03:34;/msg CR-HOLLAND|NEW xdcc send #18423;0
Mairimashita Iruma kun;1;09-01-2022 18:25:39;/msg CR-HOLLAND|NEW xdcc send #14906;0
Mairimashita Iruma kun;2;09-01-2022 18:25:39;/msg CR-HOLLAND|NEW xdcc send #15069;0
Mairimashita Iruma kun;3;09-01-2022 18:25:39;/msg CR-HOLLAND|NEW xdcc send #15255;0
Mairimashita Iruma kun;4;09-01-2022 18:25:39;/msg CR-HOLLAND|NEW xdcc send #15428;0
Mairimashita Iruma kun;5;09-01-2022 18:25:39;/msg CR-HOLLAND|NEW xdcc send #15596;0
Mairimashita Iruma kun;6;09-01-2022 18:25:39;/msg CR-HOLLAND|NEW xdcc send #15767;0
Mairimashita Iruma kun;7;09-01-2022 18:25:39;/msg CR-HOLLAND|NEW xdcc send #15999;0
Mairimashita Iruma kun;8;09-01-2022 18:25:39;/msg CR-HOLLAND|NEW xdcc send #16106;0
Mairimashita Iruma kun;9;09-01-2022 18:25:39;/msg CR-HOLLAND|NEW xdcc send #16278;0
Mairimashita Iruma kun;10;09-01-2022 18:25:39;/msg CR-HOLLAND|NEW xdcc send #16449;0
Mairimashita Iruma kun;11;09-01-2022 18:25:39;/msg CR-HOLLAND|NEW xdcc send #16598;0
Mairimashita Iruma kun;12;09-01-2022 18:25:39;/msg CR-HOLLAND|NEW xdcc send #16720;0
Mairimashita Iruma kun;13;09-01-2022 18:25:39;/msg CR-HOLLAND|NEW xdcc send #16844;0
Mairimashita Iruma kun;14;09-01-2022 18:25:39;/msg CR-HOLLAND|NEW xdcc send #16982;0
Mairimashita Iruma kun;15;09-01-2022 18:25:39;/msg CR-HOLLAND|NEW xdcc send #17123;0
Mairimashita Iruma kun;16;09-01-2022 18:25:39;/msg CR-HOLLAND|NEW xdcc send #17254;0
Mairimashita Iruma kun;17;09-01-2022 18:25:39;/msg CR-HOLLAND|NEW xdcc send #17408;0
Mairimashita Iruma kun;18;09-01-2022 18:25:39;/msg CR-HOLLAND|NEW xdcc send #17549;0
Mairimashita Iruma kun;19;09-01-2022 18:25:39;/msg CR-HOLLAND|NEW xdcc send #17712;0
Mairimashita Iruma kun;20;09-01-2022 18:25:39;/msg CR-HOLLAND|NEW xdcc send #17999;0
Mairimashita Iruma kun;21;09-01-2022 18:25:39;/msg CR-HOLLAND|NEW xdcc send #18150;0
Mairimashita Iruma kun S2;1;09-01-2022 18:25:39;/msg CR-HOLLAND|NEW xdcc send #14906;0
Mairimashita Iruma kun S2;2;09-01-2022 18:25:39;/msg CR-HOLLAND|NEW xdcc send #15069;0
Mairimashita Iruma kun S2;3;09-01-2022 18:25:39;/msg CR-HOLLAND|NEW xdcc send #15255;0
Mairimashita Iruma kun S2;4;09-01-2022 18:25:39;/msg CR-HOLLAND|NEW xdcc send #15428;0
Mairimashita Iruma kun S2;5;09-01-2022 18:25:39;/msg CR-HOLLAND|NEW xdcc send #15596;0
Mairimashita Iruma kun S2;6;09-01-2022 18:25:39;/msg CR-HOLLAND|NEW xdcc send #15767;0
Mairimashita Iruma kun S2;7;09-01-2022 18:25:39;/msg CR-HOLLAND|NEW xdcc send #15999;0
Mairimashita Iruma kun S2;8;09-01-2022 18:25:39;/msg CR-HOLLAND|NEW xdcc send #16106;0
Mairimashita Iruma kun S2;9;09-01-2022 18:25:39;/msg CR-HOLLAND|NEW xdcc send #16278;0
Mairimashita Iruma kun S2;10;09-01-2022 18:25:39;/msg CR-HOLLAND|NEW xdcc send #16449;0
Mairimashita Iruma kun S2;11;09-01-2022 18:25:39;/msg CR-HOLLAND|NEW xdcc send #16598;0
Mairimashita Iruma kun S2;12;09-01-2022 18:25:39;/msg CR-HOLLAND|NEW xdcc send #16720;0
Mairimashita Iruma kun S2;13;09-01-2022 18:25:39;/msg CR-HOLLAND|NEW xdcc send #16844;0
Mairimashita Iruma kun S2;14;09-01-2022 18:25:39;/msg CR-HOLLAND|NEW xdcc send #16982;0
Mairimashita Iruma kun S2;15;09-01-2022 18:25:39;/msg CR-HOLLAND|NEW xdcc send #17123;0
Mairimashita Iruma kun S2;16;09-01-2022 18:25:39;/msg CR-HOLLAND|NEW xdcc send #17254;0
Mairimashita Iruma kun S2;17;09-01-2022 18:25:39;/msg CR-HOLLAND|NEW xdcc send #17408;0
Mairimashita Iruma kun S2;18;09-01-2022 18:25:39;/msg CR-HOLLAND|NEW xdcc send #17549;0
Mairimashita Iruma kun S2;19;09-01-2022 18:25:39;/msg CR-HOLLAND|NEW xdcc send #17712;0
Mairimashita Iruma kun S2;20;09-01-2022 18:25:39;/msg CR-HOLLAND|NEW xdcc send #17999;0
Mairimashita Iruma kun S2;21;09-01-2022 18:25:39;/msg CR-HOLLAND|NEW xdcc send #18150;0
Mairimashita Iruma kun;22;09-01-2022 18:29:31;/msg CR-HOLLAND|NEW xdcc send #8548;0
Mairimashita Iruma kun;23;09-01-2022 18:29:31;/msg CR-HOLLAND|NEW xdcc send #8686;0
Mairimashita Iruma kun;1;09-01-2022 18:38:27;/msg CR-HOLLAND|NEW xdcc send #5394;0
Mairimashita Iruma kun;2;09-01-2022 18:38:27;/msg CR-HOLLAND|NEW xdcc send #5581;0
Mairimashita Iruma kun;3;09-01-2022 18:38:27;/msg CR-HOLLAND|NEW xdcc send #5736;0
Mairimashita Iruma kun;4;09-01-2022 18:38:27;/msg CR-HOLLAND|NEW xdcc send #5894;0
Mairimashita Iruma kun;5;09-01-2022 18:38:27;/msg CR-HOLLAND|NEW xdcc send #6051;0
Mairimashita Iruma kun;6;09-01-2022 18:38:27;/msg CR-HOLLAND|NEW xdcc send #6211;0
Mairimashita Iruma kun;7;09-01-2022 18:38:27;/msg CR-HOLLAND|NEW xdcc send #6370;0
Mairimashita Iruma kun;8;09-01-2022 18:38:27;/msg CR-HOLLAND|NEW xdcc send #6532;0
Mairimashita Iruma kun;9;09-01-2022 18:38:27;/msg CR-HOLLAND|NEW xdcc send #6688;0
Mairimashita Iruma kun;10;09-01-2022 18:38:27;/msg CR-HOLLAND|NEW xdcc send #6847;0
Mairimashita Iruma kun;11;09-01-2022 18:38:27;/msg CR-HOLLAND|NEW xdcc send #7006;0
Mairimashita Iruma kun;12;09-01-2022 18:38:27;/msg CR-HOLLAND|NEW xdcc send #7158;0
Mairimashita Iruma kun;13;09-01-2022 18:38:27;/msg CR-HOLLAND|NEW xdcc send #7299;0
Mairimashita Iruma kun;14;09-01-2022 18:38:27;/msg CR-HOLLAND|NEW xdcc send #7344;0
Mairimashita Iruma kun;15;09-01-2022 18:38:27;/msg CR-HOLLAND|NEW xdcc send #7494;0
Mairimashita Iruma kun;16;09-01-2022 18:38:27;/msg CR-HOLLAND|NEW xdcc send #7656;0
Mairimashita Iruma kun;17;09-01-2022 18:38:27;/msg CR-HOLLAND|NEW xdcc send #7820;0
Mairimashita Iruma kun;18;09-01-2022 18:38:27;/msg CR-HOLLAND|NEW xdcc send #7974;0
Mairimashita Iruma kun;19;09-01-2022 18:38:27;/msg CR-HOLLAND|NEW xdcc send #8112;0
Mairimashita Iruma kun;20;09-01-2022 18:38:27;/msg CR-HOLLAND|NEW xdcc send #8252;0
Mairimashita Iruma kun;21;09-01-2022 18:38:27;/msg CR-HOLLAND|NEW xdcc send #8396;0
Mairimashita Iruma kun;22;09-01-2022 18:38:27;/msg CR-HOLLAND|NEW xdcc send #8548;0
Mairimashita Iruma kun;23;09-01-2022 18:38:27;/msg CR-HOLLAND|NEW xdcc send #8686;0
Princess Connect Re Dive;1;10-01-2022 19:25:49;/msg CR-HOLLAND|NEW xdcc send #9282;0
Princess Connect Re Dive;2;10-01-2022 19:25:49;/msg CR-HOLLAND|NEW xdcc send #9437;0
Princess Connect Re Dive;3;10-01-2022 19:25:49;/msg CR-HOLLAND|NEW xdcc send #9555;0
Princess Connect Re Dive;4;10-01-2022 19:25:49;/msg CR-HOLLAND|NEW xdcc send #9648;0
Princess Connect Re Dive;5;10-01-2022 19:25:49;/msg CR-HOLLAND|NEW xdcc send #9732;0
Princess Connect Re Dive;6;10-01-2022 19:25:49;/msg CR-HOLLAND|NEW xdcc send #9816;0
Princess Connect Re Dive;7;10-01-2022 19:25:49;/msg CR-HOLLAND|NEW xdcc send #9897;0
Princess Connect Re Dive;8;10-01-2022 19:25:49;/msg CR-HOLLAND|NEW xdcc send #9975;0
Princess Connect Re Dive;9;10-01-2022 19:25:49;/msg CR-HOLLAND|NEW xdcc send #10049;0
Princess Connect Re Dive;10;10-01-2022 19:25:49;/msg CR-HOLLAND|NEW xdcc send #10131;0
Princess Connect Re Dive;11;10-01-2022 19:25:49;/msg CR-HOLLAND|NEW xdcc send #10203;0
Princess Connect Re Dive;12;10-01-2022 19:25:49;/msg CR-HOLLAND|NEW xdcc send #10275;0
Princess Connect Re Dive;13;10-01-2022 19:25:49;/msg CR-HOLLAND|NEW xdcc send #10314;0
Boku no Hero Academia;1;10-01-2022 19:53:17;/msg ARUTHA-BATCH|1080p xdcc send #9441;0
Boku no Hero Academia;2;10-01-2022 19:53:17;/msg ARUTHA-BATCH|1080p xdcc send #9442;0
Boku no Hero Academia;3;10-01-2022 19:53:17;/msg ARUTHA-BATCH|1080p xdcc send #9443;0
Boku no Hero Academia;4;10-01-2022 19:53:17;/msg ARUTHA-BATCH|1080p xdcc send #9444;0
Boku no Hero Academia;5;10-01-2022 19:53:17;/msg ARUTHA-BATCH|1080p xdcc send #9445;0
Boku no Hero Academia;6;10-01-2022 19:53:17;/msg ARUTHA-BATCH|1080p xdcc send #9446;0
Boku no Hero Academia;7;10-01-2022 19:53:17;/msg ARUTHA-BATCH|1080p xdcc send #9447;0
Boku no Hero Academia;8;10-01-2022 19:53:17;/msg ARUTHA-BATCH|1080p xdcc send #9448;0
Boku no Hero Academia;9;10-01-2022 19:53:17;/msg ARUTHA-BATCH|1080p xdcc send #9449;0
Boku no Hero Academia;10;10-01-2022 19:53:17;/msg ARUTHA-BATCH|1080p xdcc send #9450;0
Boku no Hero Academia;11;10-01-2022 19:53:17;/msg ARUTHA-BATCH|1080p xdcc send #9451;0
Boku no Hero Academia;12;10-01-2022 19:53:17;/msg ARUTHA-BATCH|1080p xdcc send #9452;0
Boku no Hero Academia;13;10-01-2022 19:53:17;/msg ARUTHA-BATCH|1080p xdcc send #9453;0
Boku no Hero Academia;14;10-01-2022 19:53:17;/msg ARUTHA-BATCH|1080p xdcc send #9454;0
Boku no Hero Academia;15;10-01-2022 19:53:17;/msg ARUTHA-BATCH|1080p xdcc send #9455;0
Boku no Hero Academia;16;10-01-2022 19:53:17;/msg ARUTHA-BATCH|1080p xdcc send #9456;0
Boku no Hero Academia;17;10-01-2022 19:53:17;/msg ARUTHA-BATCH|1080p xdcc send #9457;0
Boku no Hero Academia;18;10-01-2022 19:53:17;/msg ARUTHA-BATCH|1080p xdcc send #9458;0
Boku no Hero Academia;19;10-01-2022 19:53:17;/msg ARUTHA-BATCH|1080p xdcc send #9459;0
Boku no Hero Academia;20;10-01-2022 19:53:17;/msg ARUTHA-BATCH|1080p xdcc send #9460;0
Boku no Hero Academia;21;10-01-2022 19:53:17;/msg ARUTHA-BATCH|1080p xdcc send #9461;0
Boku no Hero Academia;22;10-01-2022 19:53:17;/msg ARUTHA-BATCH|1080p xdcc send #9462;0
Boku no Hero Academia;23;10-01-2022 19:53:17;/msg ARUTHA-BATCH|1080p xdcc send #9463;0
Boku no Hero Academia;24;10-01-2022 19:53:17;/msg ARUTHA-BATCH|1080p xdcc send #9464;0
Boku no Hero Academia;25;10-01-2022 19:53:17;/msg ARUTHA-BATCH|1080p xdcc send #9465;0
Boku no Hero Academia;26;10-01-2022 19:53:17;/msg ARUTHA-BATCH|1080p xdcc send #9466;0
Boku no Hero Academia;27;10-01-2022 19:53:17;/msg ARUTHA-BATCH|1080p xdcc send #9467;0
Boku no Hero Academia;28;10-01-2022 19:53:17;/msg ARUTHA-BATCH|1080p xdcc send #9468;0
Boku no Hero Academia;29;10-01-2022 19:53:17;/msg ARUTHA-BATCH|1080p xdcc send #9469;0
Boku no Hero Academia;30;10-01-2022 19:53:17;/msg ARUTHA-BATCH|1080p xdcc send #9470;0
Boku no Hero Academia;31;10-01-2022 19:53:17;/msg ARUTHA-BATCH|1080p xdcc send #9471;0
Boku no Hero Academia;32;10-01-2022 19:53:17;/msg ARUTHA-BATCH|1080p xdcc send #9472;0
Boku no Hero Academia;33;10-01-2022 19:53:17;/msg ARUTHA-BATCH|1080p xdcc send #9473;0
Boku no Hero Academia;34;10-01-2022 19:53:17;/msg ARUTHA-BATCH|1080p xdcc send #9474;0
Boku no Hero Academia;35;10-01-2022 19:53:17;/msg ARUTHA-BATCH|1080p xdcc send #9475;0
Boku no Hero Academia;36;10-01-2022 19:53:17;/msg ARUTHA-BATCH|1080p xdcc send #9476;0
Boku no Hero Academia;37;10-01-2022 19:53:17;/msg ARUTHA-BATCH|1080p xdcc send #9477;0
Boku no Hero Academia;38;10-01-2022 19:53:17;/msg ARUTHA-BATCH|1080p xdcc send #9478;0
Boku no Hero Academia;39;10-01-2022 19:53:17;/msg ARUTHA-BATCH|1080p xdcc send #9479;0
Boku no Hero Academia;40;10-01-2022 19:53:17;/msg ARUTHA-BATCH|1080p xdcc send #9480;0
Boku no Hero Academia;41;10-01-2022 19:53:17;/msg ARUTHA-BATCH|1080p xdcc send #9481;0
Boku no Hero Academia;42;10-01-2022 19:53:17;/msg ARUTHA-BATCH|1080p xdcc send #9482;0
Boku no Hero Academia;43;10-01-2022 19:53:17;/msg ARUTHA-BATCH|1080p xdcc send #9483;0
Boku no Hero Academia;44;10-01-2022 19:53:17;/msg ARUTHA-BATCH|1080p xdcc send #9484;0
Boku no Hero Academia;45;10-01-2022 19:53:17;/msg ARUTHA-BATCH|1080p xdcc send #9485;0
Boku no Hero Academia;46;10-01-2022 19:53:17;/msg ARUTHA-BATCH|1080p xdcc send #9486;0
Boku no Hero Academia;47;10-01-2022 19:53:17;/msg ARUTHA-BATCH|1080p xdcc send #9487;0
Boku no Hero Academia;48;10-01-2022 19:53:17;/msg ARUTHA-BATCH|1080p xdcc send #9488;0
Boku no Hero Academia;49;10-01-2022 19:53:17;/msg ARUTHA-BATCH|1080p xdcc send #9489;0
Boku no Hero Academia;50;10-01-2022 19:53:17;/msg ARUTHA-BATCH|1080p xdcc send #9490;0
Boku no Hero Academia;51;10-01-2022 19:53:17;/msg ARUTHA-BATCH|1080p xdcc send #9491;0
Boku no Hero Academia;52;10-01-2022 19:53:17;/msg ARUTHA-BATCH|1080p xdcc send #9492;0
Boku no Hero Academia;53;10-01-2022 19:53:17;/msg ARUTHA-BATCH|1080p xdcc send #9493;0
Boku no Hero Academia;54;10-01-2022 19:53:17;/msg ARUTHA-BATCH|1080p xdcc send #9494;0
Boku no Hero Academia;55;10-01-2022 19:53:17;/msg ARUTHA-BATCH|1080p xdcc send #9495;0
Boku no Hero Academia;56;10-01-2022 19:53:17;/msg ARUTHA-BATCH|1080p xdcc send #9496;0
Boku no Hero Academia;57;10-01-2022 19:53:17;/msg ARUTHA-BATCH|1080p xdcc send #9497;0
Boku no Hero Academia;58;10-01-2022 19:53:17;/msg ARUTHA-BATCH|1080p xdcc send #9498;0
Boku no Hero Academia;59;10-01-2022 19:53:17;/msg ARUTHA-BATCH|1080p xdcc send #9499;0
Boku no Hero Academia;60;10-01-2022 19:53:17;/msg ARUTHA-BATCH|1080p xdcc send #9500;0
Boku no Hero Academia;61;10-01-2022 19:53:17;/msg ARUTHA-BATCH|1080p xdcc send #9501;0
Boku no Hero Academia;62;10-01-2022 19:53:17;/msg ARUTHA-BATCH|1080p xdcc send #9502;0
Boku no Hero Academia;63;10-01-2022 19:53:17;/msg ARUTHA-BATCH|1080p xdcc send #9503;0
Boku no Hero Academia;64;10-01-2022 19:53:17;/msg CR-HOLLAND|NEW xdcc send #5580;0
Boku no Hero Academia;65;10-01-2022 19:53:17;/msg CR-HOLLAND|NEW xdcc send #5733;0
Boku no Hero Academia;66;10-01-2022 19:53:17;/msg CR-HOLLAND|NEW xdcc send #5891;0
Boku no Hero Academia;67;10-01-2022 19:53:17;/msg CR-HOLLAND|NEW xdcc send #6208;0
Boku no Hero Academia;68;10-01-2022 19:53:17;/msg CR-HOLLAND|NEW xdcc send #6367;0
Boku no Hero Academia;69;10-01-2022 19:53:17;/msg CR-HOLLAND|NEW xdcc send #6529;0
Boku no Hero Academia;70;10-01-2022 19:53:17;/msg CR-HOLLAND|NEW xdcc send #6686;0
Boku no Hero Academia;71;10-01-2022 19:53:17;/msg CR-HOLLAND|NEW xdcc send #6844;0
Boku no Hero Academia;72;10-01-2022 19:53:17;/msg CR-HOLLAND|NEW xdcc send #7003;0
Boku no Hero Academia;73;10-01-2022 19:53:17;/msg CR-HOLLAND|NEW xdcc send #7155;0
Boku no Hero Academia;74;10-01-2022 19:53:17;/msg CR-HOLLAND|NEW xdcc send #7296;0
Boku no Hero Academia;75;10-01-2022 19:53:17;/msg CR-HOLLAND|NEW xdcc send #7341;0
Boku no Hero Academia;76;10-01-2022 19:53:17;/msg CR-HOLLAND|NEW xdcc send #7491;0
Boku no Hero Academia;77;10-01-2022 19:53:17;/msg CR-HOLLAND|NEW xdcc send #7653;0
Boku no Hero Academia;78;10-01-2022 19:53:17;/msg CR-HOLLAND|NEW xdcc send #7818;0
Boku no Hero Academia;79;10-01-2022 19:53:17;/msg CR-HOLLAND|NEW xdcc send #7971;0
Boku no Hero Academia;80;10-01-2022 19:53:17;/msg CR-HOLLAND|NEW xdcc send #8108;0
Boku no Hero Academia;81;10-01-2022 19:53:17;/msg CR-HOLLAND|NEW xdcc send #8249;0
Boku no Hero Academia;82;10-01-2022 19:53:17;/msg CR-HOLLAND|NEW xdcc send #8393;0
Boku no Hero Academia;83;10-01-2022 19:53:17;/msg CR-HOLLAND|NEW xdcc send #8545;0
Boku no Hero Academia;84;10-01-2022 19:53:17;/msg CR-HOLLAND|NEW xdcc send #8683;0
Boku no Hero Academia;85;10-01-2022 19:53:17;/msg CR-HOLLAND|NEW xdcc send #8830;0
Boku no Hero Academia;86;10-01-2022 19:53:17;/msg CR-HOLLAND|NEW xdcc send #8994;0
Boku no Hero Academia;87;10-01-2022 19:53:17;/msg CR-HOLLAND|NEW xdcc send #9123;0
Boku no Hero Academia;88;10-01-2022 19:53:17;/msg CR-HOLLAND|NEW xdcc send #9231;0
Boku no Hero Academia;89;10-01-2022 19:55:13;/msg CR-HOLLAND|NEW xdcc send #14469;0
Boku no Hero Academia;90;10-01-2022 19:55:13;/msg CR-HOLLAND|NEW xdcc send #14607;0
Boku no Hero Academia;91;10-01-2022 19:55:13;/msg CR-HOLLAND|NEW xdcc send #14745;0
Boku no Hero Academia;92;10-01-2022 19:55:13;/msg CR-HOLLAND|NEW xdcc send #14904;0
Boku no Hero Academia;93;10-01-2022 19:55:13;/msg CR-HOLLAND|NEW xdcc send #15066;0
Boku no Hero Academia;94;10-01-2022 19:55:13;/msg CR-HOLLAND|NEW xdcc send #15252;0
Boku no Hero Academia;95;10-01-2022 19:55:13;/msg CR-HOLLAND|NEW xdcc send #15425;0
Boku no Hero Academia;96;10-01-2022 19:55:13;/msg CR-HOLLAND|NEW xdcc send #15594;0
Boku no Hero Academia;97;10-01-2022 19:55:13;/msg CR-HOLLAND|NEW xdcc send #15765;0
Boku no Hero Academia;98;10-01-2022 19:55:13;/msg CR-HOLLAND|NEW xdcc send #15937;0
Boku no Hero Academia;99;10-01-2022 19:55:13;/msg CR-HOLLAND|NEW xdcc send #16104;0
Boku no Hero Academia;100;10-01-2022 19:55:13;/msg CR-HOLLAND|NEW xdcc send #16275;0
Boku no Hero Academia;101;10-01-2022 19:55:13;/msg CR-HOLLAND|NEW xdcc send #16446;0
Boku no Hero Academia;102;10-01-2022 19:55:13;/msg CR-HOLLAND|NEW xdcc send #16596;0
Boku no Hero Academia;103;10-01-2022 19:55:13;/msg CR-HOLLAND|NEW xdcc send #16842;0
Boku no Hero Academia;104;10-01-2022 19:55:13;/msg CR-HOLLAND|NEW xdcc send #16980;0
Boku no Hero Academia;105;10-01-2022 19:55:13;/msg CR-HOLLAND|NEW xdcc send #17121;0
Boku no Hero Academia;106;10-01-2022 19:55:13;/msg CR-HOLLAND|NEW xdcc send #17253;0
Boku no Hero Academia;107;10-01-2022 19:55:13;/msg CR-HOLLAND|NEW xdcc send #17547;0
Boku no Hero Academia;108;10-01-2022 19:55:13;/msg CR-HOLLAND|NEW xdcc send #17709;0
Boku no Hero Academia;109;10-01-2022 19:55:13;/msg CR-HOLLAND|NEW xdcc send #17853;0
Boku no Hero Academia;110;10-01-2022 19:55:13;/msg CR-HOLLAND|NEW xdcc send #17994;0
Boku no Hero Academia;111;10-01-2022 19:55:13;/msg CR-HOLLAND|NEW xdcc send #18146;0
Boku no Hero Academia;112;10-01-2022 19:55:13;/msg CR-HOLLAND|NEW xdcc send #18297;0
Boku no Hero Academia;113;10-01-2022 19:55:13;/msg CR-HOLLAND|NEW xdcc send #18432;0
Gensou Sangokushi Tengen Reishinki;1;11-01-2022 16:38:28;/msg Ginpachi-Sensei xdcc send #2512;0
Kimetsu no Yaiba Yuukaku hen;6;11-01-2022 16:38:28;/msg Ginpachi-Sensei xdcc send #2490;0
SABIKUI BISCO;1;11-01-2022 16:38:28;/msg Ginpachi-Sensei xdcc send #2506;0
Tensai Ouji no Akaji Kokka Saisei Jutsu;1;11-01-2022 16:38:28;/msg Ginpachi-Sensei xdcc send #2515;0
Isekai Shokudou 2;11;11-01-2022 20:42:38;/msg Ginpachi-Sensei xdcc send #1712;0
Isekai Shokudou 2;12;11-01-2022 20:42:38;/msg Ginpachi-Sensei xdcc send #1873;0
Isekai Shokudou 2;12;11-01-2022 20:43:29;/msg Ginpachi-Sensei xdcc send #1873;0
Kenja no Deshi wo Nanoru Kenja;1;12-01-2022 18:29:50;/msg Ginpachi-Sensei xdcc send #2518;0
Leadale no Daichi nite;2;12-01-2022 18:29:50;/msg Ginpachi-Sensei xdcc send #2527;0
Orient;2;12-01-2022 18:29:50;/msg Ginpachi-Sensei xdcc send #2524;0
Tokyo 24 ku;2;12-01-2022 18:29:50;/msg Ginpachi-Sensei xdcc send #2534;0
Isekai Shokudou 2;12;12-01-2022 18:34:39;/msg Ginpachi-Sensei xdcc send #1873;0
Isekai Shokudou 2;12;12-01-2022 18:36:01;/msg Ginpachi-Sensei xdcc send #1873;0
Isekai Shokudou 2;11;12-01-2022 18:36:35;/msg Ginpachi-Sensei xdcc send #1712;0
Isekai Shokudou 2;12;12-01-2022 18:36:35;/msg Ginpachi-Sensei xdcc send #1873;0
